,Observered Ion,Theoretical Ion,Charge,count,PPM Error,Ion Type,Structure
0,90.05558013916016,90.0549,1,105575.390625,-7.6000000,y_ion,"[""['A5']""]"
1,173.09207153320312,173.0921,1,1833043.0,0.16000000,i_ion,"[""['J4']""]"
2,204.08682250976562,204.0867,1,3910505.75,-0.6000000,b_ion,"[""['G0']""]"
3,262.1401062011719,262.1397,1,1587891.125,-1.5000000,y_ion,"[""['J4', 'A5']""]"
4,278.12469482421875,278.1234,1,206729.609375,-4.7000000,i_ion,"[""['M1']""]"
5,302.1342468261719,302.1347,1,1293654.625,1.5000000,i_ion,"[""['E3', 'J4']""]"
6,349.1617736816406,349.1605,1,485358.09375,-3.6000000,i_ion,"[""['M1', 'A2']""]"
7,373.1716613769531,373.1718,1,392679.78125,0.37000000,i_ion,"[""['A2', 'E3', 'J4']""]"
8,391.1827697753906,391.1823,1,633640.0,-1.2000000,y_ion,"[""['E3', 'J4', 'A5']""]"
