,Observered Ion,Theoretical Ion,Charge,count,PPM Error,Ion Type,Structure
0,173.09205627441406,173.0921,1,371246.0,0.25000000,i_ion,"[""['J4']""]"
1,262.14007568359375,262.1397,1,228691.375,-1.4000000,y_ion,"[""['A5', 'J4']""]"
2,278.12469482421875,278.1234,1,39905.80078125,-4.7000000,i_ion,"[""['M1']""]"
3,302.1345520019531,302.1347,1,251505.859375,0.49000000,i_ion,"[""['E3', 'J4']""]"
4,349.1591796875,349.1605,1,77556.203125,3.7800000,i_ion,"[""['M1', 'A2']""]"
5,373.1709899902344,373.1718,1,34659.5546875,2.1700000,i_ion,"[""['A2', 'E3', 'J4']""]"
6,391.1814270019531,391.1823,1,93620.0,2.2300000,y_ion,"[""['E3', 'J4', 'A5']""]"
7,739.3256225585938,739.3355,1,38335.19140625,13.360000,y_ion,"[""['M1', 'A2', 'E3', 'J4', 'A5']""]"
