,Observered Ion,Theoretical Ion,Charge,count,PPM Error,Ion Type,Structure
0,90.05535888671875,90.0549,1,16927.65234375,-5.1000000,y_ion,"[""['A5']""]"
1,173.09219360351562,173.0921,1,226844.65625,-0.5000000,i_ion,"[""['J4']""]"
2,262.14007568359375,262.1397,1,148515.34375,-1.4000000,y_ion,"[""['A5', 'J4']""]"
3,278.1241760253906,278.1234,1,25289.685546875,-2.8000000,i_ion,"[""['M1']""]"
4,302.13458251953125,302.1347,1,103460.5078125,0.39000000,i_ion,"[""['E3', 'J4']""]"
5,349.16064453125,349.1605,1,29512.140625,-0.4000000,i_ion,"[""['M1', 'A2']""]"
6,373.1713562011719,373.1718,1,9965.6015625,1.1900000,i_ion,"[""['A2', 'E3', 'J4']""]"
7,391.18182373046875,391.1823,1,46205.6875,1.2200000,y_ion,"[""['E3', 'J4', 'A5']""]"
