,Observered Ion,Theoretical Ion,Charge,count,PPM Error,Ion Type,Structure
0,173.09202575683594,173.0921,1,9149536.0,0.43000000,i_ion,"[""['J4']""]"
1,262.13970947265625,262.1397,1,8311103.0,0E-7,y_ion,"[""['A5', 'J4']""]"
2,278.12451171875,278.1234,1,742137.125,-4.0000000,i_ion,"[""['M1']""]"
3,302.1344299316406,302.1347,1,5409584.5,0.89000000,i_ion,"[""['E3', 'J4']""]"
4,349.1600341796875,349.1605,1,1685834.25,1.3300000,i_ion,"[""['M1', 'A2']""]"
5,373.1714172363281,373.1718,1,1627626.875,1.0300000,i_ion,"[""['A2', 'E3', 'J4']""]"
6,391.1797180175781,391.1823,1,2756507.75,6.6000000,y_ion,"[""['E3', 'J4', 'A5']""]"
7,739.3309326171875,739.3355,1,608536.75,6.1800000,y_ion,"[""['M1', 'A2', 'E3', 'J4', 'A5']""]"
