,Observered Ion,Theoretical Ion,Charge,count,PPM Error,Ion Type,Structure
0,90.05545043945312,90.0549,1,49442.0390625,-6.1000000,y_ion,"[""['A5']""]"
1,173.09222412109375,173.0921,1,595072.5,-0.7000000,i_ion,"[""['J4']""]"
2,262.13995361328125,262.1397,1,408490.375,-1.0000000,y_ion,"[""['A5', 'J4']""]"
3,278.12298583984375,278.1234,1,61315.1484375,1.4900000,i_ion,"[""['M1']""]"
4,302.1346435546875,302.1347,1,273786.40625,0.19000000,i_ion,"[""['E3', 'J4']""]"
5,349.15924072265625,349.1605,1,87328.8515625,3.6100000,i_ion,"[""['M1', 'A2']""]"
6,373.1715393066406,373.1718,1,66738.359375,0.70000000,i_ion,"[""['A2', 'E3', 'J4']""]"
7,391.18182373046875,391.1823,1,130708.453125,1.2200000,y_ion,"[""['E3', 'J4', 'A5']""]"
8,462.2156066894531,462.2194,1,12418.7197265625,8.2100000,y_ion,"[""['A2', 'E3', 'J4', 'A5']""]"
