,Observered Ion,Theoretical Ion,Charge,count,PPM Error,Ion Type,Structure
0,204.0868682861328,204.0867,1,2070252.75,-0.8000000,b_ion,"[""['G0']""]"
1,232.1186065673828,232.11725,2,206359.65625,-5.8000000,y_ion,"[""['A2', 'E3', 'J4', 'A5']""]"
2,263.1423034667969,263.1475,1,97344.0078125,19.750000,y_ion,"[""['A5', 'J4']""]"
3,278.1234436035156,278.1234,1,127197.8671875,-0.2000000,i_ion,"[""['M1']""]"
4,349.1609802246094,349.1605,1,241742.53125,-1.4000000,i_ion,"[""['M1', 'A2']""]"
