,Observered Ion,Theoretical Ion,Charge,count,PPM Error,Ion Type,Structure
0,204.08677673339844,204.0867,1,686094.25,-0.4000000,b_ion,"[""['G0']""]"
1,263.1432189941406,263.1475,1,36115.58203125,16.270000,y_ion,"[""['A5', 'J4']""]"
2,278.12469482421875,278.1234,1,39905.80078125,-4.7000000,i_ion,"[""['M1']""]"
3,349.1591796875,349.1605,1,77556.203125,3.7800000,i_ion,"[""['M1', 'A2']""]"
4,392.1860656738281,392.1901,1,19307.18359375,10.290000,y_ion,"[""['E3', 'J4', 'A5']""]"
