,Observered Ion,Theoretical Ion,Charge,count,PPM Error,Ion Type,Structure
0,90.05561828613281,90.0549,1,190701.375,-8.0000000,y_ion,"[""['A5']""]"
1,204.0867156982422,204.0867,1,6521073.0,-0.1000000,b_ion,"[""['G0']""]"
2,232.11805725097656,232.11725,2,303378.40625,-3.5000000,y_ion,"[""['A2', 'E3', 'J4', 'A5']""]"
3,263.14385986328125,263.1475,1,183015.171875,13.830000,y_ion,"[""['A5', 'J4']""]"
4,278.1246643066406,278.1234,1,539184.875,-4.5000000,i_ion,"[""['M1']""]"
5,349.1605529785156,349.1605,1,587615.6875,-0.2000000,i_ion,"[""['M1', 'A2']""]"
