,Observered Ion,Theoretical Ion,Charge,count,PPM Error,Ion Type,Structure
0,90.05558013916016,90.0549,1,105575.390625,-7.6000000,y_ion,"[""['A5']""]"
1,204.08682250976562,204.0867,1,3910505.75,-0.6000000,b_ion,"[""['G0']""]"
2,232.1177520751953,232.11725,2,210193.78125,-2.2000000,y_ion,"[""['A2', 'E3', 'J4', 'A5']""]"
3,263.1435852050781,263.1475,1,483842.78125,14.880000,y_ion,"[""['A5', 'J4']""]"
4,278.12469482421875,278.1234,1,206729.609375,-4.7000000,i_ion,"[""['M1']""]"
5,349.1617736816406,349.1605,1,485358.09375,-3.6000000,i_ion,"[""['M1', 'A2']""]"
