,Observered Ion,Theoretical Ion,Charge,count,PPM Error,Ion Type,Structure
0,90.05538177490234,90.0549,1,132727.328125,-5.3000000,y_ion,"[""['A5']""]"
1,204.0867156982422,204.0867,1,3900288.25,-0.1000000,b_ion,"[""['G0']""]"
2,232.11825561523438,232.11725,2,320901.9375,-4.3000000,y_ion,"[""['A2', 'E3', 'J4', 'A5']""]"
3,278.1228332519531,278.1234,1,305029.375,2.0400000,i_ion,"[""['M1']""]"
4,349.1595153808594,349.1605,1,467564.15625,2.8200000,i_ion,"[""['M1', 'A2']""]"
5,392.184326171875,392.1901,1,280852.6875,14.720000,y_ion,"[""['E3', 'J4', 'A5']""]"
