,Observered Ion,Theoretical Ion,Charge,count,PPM Error,Ion Type,Structure
0,90.05545806884766,90.0549,1,204814.875,-6.2000000,y_ion,"[""['A5']""]"
1,204.08682250976562,204.0867,1,5106663.5,-0.6000000,b_ion,"[""['G0']""]"
2,232.1179656982422,232.11725,2,402498.34375,-3.1000000,y_ion,"[""['A2', 'E3', 'J4', 'A5']""]"
3,278.1241149902344,278.1234,1,253300.25,-2.6000000,i_ion,"[""['M1']""]"
4,349.1607360839844,349.1605,1,836419.5625,-0.7000000,i_ion,"[""['M1', 'A2']""]"
5,392.1858825683594,392.1901,1,143870.203125,10.750000,y_ion,"[""['E3', 'J4', 'A5']""]"
6,740.3360595703125,740.3433,1,165643.453125,9.7800000,y_ion,"[""['M1', 'A2', 'E3', 'J4', 'A5']""]"
