,Observered Ion,Theoretical Ion,Charge,count,PPM Error,Ion Type,Structure
0,90.05561065673828,90.0549,1,263603.40625,-7.9000000,y_ion,"[""['A5']""]"
1,204.0868377685547,204.0867,1,8835565.0,-0.7000000,b_ion,"[""['G0']""]"
2,232.11915588378906,232.11725,2,616251.125,-8.2000000,y_ion,"[""['A2', 'E3', 'J4', 'A5']""]"
3,263.1432189941406,263.1475,1,1075233.375,16.270000,y_ion,"[""['A5', 'J4']""]"
4,278.1224365234375,278.1234,1,409478.8125,3.4600000,i_ion,"[""['M1']""]"
5,349.1562805175781,349.1605,1,1382798.125,12.080000,i_ion,"[""['M1', 'A2']""]"
6,392.18359375,392.1901,1,433772.5,16.590000,y_ion,"[""['E3', 'J4', 'A5']""]"
