,Observered Ion,Theoretical Ion,Charge,count,PPM Error,Ion Type,Structure
0,90.05530548095703,90.0549,1,433463.09375,-4.5000000,y_ion,"[""['A5']""]"
1,204.0868682861328,204.0867,1,12142700.0,-0.8000000,b_ion,"[""['G0']""]"
2,232.11868286132812,232.11725,2,577605.0,-6.2000000,y_ion,"[""['A2', 'E3', 'J4', 'A5']""]"
3,278.12322998046875,278.1234,1,1043189.875,0.61000000,i_ion,"[""['M1']""]"
4,349.1605224609375,349.1605,1,1785516.875,-0.1000000,i_ion,"[""['M1', 'A2']""]"
5,392.185302734375,392.1901,1,314304.125,12.230000,y_ion,"[""['E3', 'J4', 'A5']""]"
6,740.3458862304688,740.3433,1,313926.78125,-3.5000000,y_ion,"[""['M1', 'A2', 'E3', 'J4', 'A5']""]"
