,Observered Ion,Theoretical Ion,Charge,count,PPM Error,Ion Type,Structure
0,204.08685302734375,204.0867,1,26847348.0,-0.7000000,b_ion,"[""['G0']""]"
1,232.1179962158203,232.11725,2,720566.9375,-3.2000000,y_ion,"[""['A2', 'E3', 'J4', 'A5']""]"
2,263.1431579589844,263.1475,1,1616404.0,16.500000,y_ion,"[""['A5', 'J4']""]"
3,278.1246643066406,278.1234,1,1819596.5,-4.5000000,i_ion,"[""['M1']""]"
4,349.16021728515625,349.1605,1,2644128.75,0.81000000,i_ion,"[""['M1', 'A2']""]"
5,392.1877136230469,392.1901,1,1596016.0,6.0800000,y_ion,"[""['E3', 'J4', 'A5']""]"
6,740.3353881835938,740.3433,1,757903.1875,10.690000,y_ion,"[""['M1', 'A2', 'E3', 'J4', 'A5']""]"
