,Observered Ion,Theoretical Ion,Charge,count,PPM Error,Ion Type,Structure
0,204.08673095703125,204.0867,1,18491596.0,-0.2000000,b_ion,"[""['G0']""]"
1,232.11671447753906,232.11725,2,632774.0625,2.3100000,y_ion,"[""['A2', 'E3', 'J4', 'A5']""]"
2,263.1430969238281,263.1475,1,2061307.0,16.730000,y_ion,"[""['A5', 'J4']""]"
3,278.12451171875,278.1234,1,742137.125,-4.0000000,i_ion,"[""['M1']""]"
4,349.1600341796875,349.1605,1,1685834.25,1.3300000,i_ion,"[""['M1', 'A2']""]"
5,392.1835632324219,392.1901,1,522799.3125,16.670000,y_ion,"[""['E3', 'J4', 'A5']""]"
6,740.33544921875,740.3433,1,490988.96875,10.600000,y_ion,"[""['M1', 'A2', 'E3', 'J4', 'A5']""]"
