,Observered Ion,Theoretical Ion,Charge,count,PPM Error,Ion Type,Structure
0,90.05508422851562,90.0549,1,243658.234375,-2.0000000,y_ion,"[""['A5']""]"
1,204.08677673339844,204.0867,1,9522947.0,-0.4000000,b_ion,"[""['G0']""]"
2,232.11752319335938,232.11725,2,663261.5625,-1.2000000,y_ion,"[""['A2', 'E3', 'J4', 'A5']""]"
3,263.1434020996094,263.1475,1,642374.75,15.570000,y_ion,"[""['A5', 'J4']""]"
4,278.12274169921875,278.1234,1,310079.21875,2.3700000,i_ion,"[""['M1']""]"
5,349.1601867675781,349.1605,1,874724.5,0.90000000,i_ion,"[""['M1', 'A2']""]"
6,392.18658447265625,392.1901,1,259080.015625,8.9600000,y_ion,"[""['E3', 'J4', 'A5']""]"
7,740.3465576171875,740.3433,1,237018.734375,-4.4000000,y_ion,"[""['M1', 'A2', 'E3', 'J4', 'A5']""]"
