,Observered Ion,Theoretical Ion,Charge,count,PPM Error,Ion Type,Structure
0,90.055419921875,90.0549,1,24150.548828125,-5.8000000,y_ion,"[""['A5']""]"
1,204.086669921875,204.0867,1,355743.90625,0.15000000,b_ion,"[""['G0']""]"
2,232.11849975585938,232.11725,2,26006.341796875,-5.4000000,y_ion,"[""['A2', 'E3', 'J4', 'A5']""]"
3,263.143310546875,263.1475,1,68540.5,15.920000,y_ion,"[""['A5', 'J4']""]"
4,278.123779296875,278.1234,1,21378.234375,-1.4000000,i_ion,"[""['M1']""]"
5,349.16168212890625,349.1605,1,31696.279296875,-3.4000000,i_ion,"[""['M1', 'A2']""]"
6,374.1735534667969,374.1796,1,25256.478515625,16.160000,i_ion,"[""['A2', 'E3', 'J4']""]"
7,392.1836242675781,392.1901,1,40637.8515625,16.510000,y_ion,"[""['E3', 'J4', 'A5']""]"
8,740.3365478515625,740.3433,1,9273.6044921875,9.1200000,y_ion,"[""['M1', 'A2', 'E3', 'J4', 'A5']""]"
