,Observered Ion,Theoretical Ion,Charge,count,PPM Error,Ion Type,Structure
0,90.05561065673828,90.0549,1,568876.8125,-7.9000000,y_ion,"[""['A5']""]"
1,204.08682250976562,204.0867,1,24501372.0,-0.6000000,b_ion,"[""['G0']""]"
2,232.11788940429688,232.11725,2,807406.5625,-2.8000000,y_ion,"[""['A2', 'E3', 'J4', 'A5']""]"
3,263.1426086425781,263.1475,1,865348.3125,18.590000,y_ion,"[""['A5', 'J4']""]"
4,278.1232604980469,278.1234,1,1797326.625,0.50000000,i_ion,"[""['M1']""]"
5,349.162353515625,349.1605,1,2878965.25,-5.3000000,i_ion,"[""['M1', 'A2']""]"
6,374.173828125,374.1796,1,499677.875,15.430000,i_ion,"[""['A2', 'E3', 'J4']""]"
7,392.1887512207031,392.1901,1,567756.0,3.4400000,y_ion,"[""['E3', 'J4', 'A5']""]"
8,478.20623779296875,478.2031,1,519735.65625,-6.6000000,i_ion,"[""['M1', 'A2', 'E3']""]"
