,Observered Ion,Theoretical Ion,Charge,count,PPM Error,Ion Type,Structure
0,90.05553436279297,90.0549,1,6066.56103515625,-7.0000000,y_ion,"[""['A5']""]"
1,204.08680725097656,204.0867,1,266097.34375,-0.5000000,b_ion,"[""['G0']""]"
2,232.11825561523438,232.11725,2,18612.0859375,-4.3000000,y_ion,"[""['A2', 'E3', 'J4', 'A5']""]"
3,263.1440734863281,263.1475,1,16802.841796875,13.020000,y_ion,"[""['A5', 'J4']""]"
4,278.123291015625,278.1234,1,21315.54296875,0.39000000,i_ion,"[""['M1']""]"
5,349.1607360839844,349.1605,1,34864.46875,-0.7000000,i_ion,"[""['M1', 'A2']""]"
6,374.1748046875,374.1796,1,4456.53515625,12.820000,i_ion,"[""['A2', 'E3', 'J4']""]"
7,392.18798828125,392.1901,1,6677.33740234375,5.3800000,y_ion,"[""['E3', 'J4', 'A5']""]"
8,740.3410034179688,740.3433,1,5890.2158203125,3.1000000,y_ion,"[""['M1', 'A2', 'E3', 'J4', 'A5']""]"
