,Observered Ion,Theoretical Ion,Charge,count,PPM Error,Ion Type,Structure
0,90.05526733398438,90.0549,1,14906.40234375,-4.1000000,y_ion,"[""['A5']""]"
1,201.0874481201172,201.0870,1,5229.67041015625,-2.2000000,i_ion,"[""['A2', 'E3']""]"
2,204.08680725097656,204.0867,1,222126.75,-0.5000000,b_ion,"[""['G0']""]"
3,232.1186065673828,232.11725,2,16896.0625,-5.8000000,y_ion,"[""['A2', 'E3', 'J4', 'A5']""]"
4,263.1430358886719,263.1475,1,20477.689453125,16.960000,y_ion,"[""['A5', 'J4']""]"
5,278.12530517578125,278.1234,1,18751.822265625,-6.9000000,i_ion,"[""['M1']""]"
6,349.1617126464844,349.1605,1,34274.30859375,-3.5000000,i_ion,"[""['M1', 'A2']""]"
7,374.17254638671875,374.1796,1,4388.24169921875,18.850000,i_ion,"[""['A2', 'E3', 'J4']""]"
8,392.1878662109375,392.1901,1,7032.7578125,5.7000000,y_ion,"[""['E3', 'J4', 'A5']""]"
