,Observered Ion,Theoretical Ion,Charge,count,PPM Error,Ion Type,Structure
0,90.05540466308594,90.0549,1,827519.25,-5.6000000,y_ion,"[""['A5']""]"
1,204.08680725097656,204.0867,1,29928162.0,-0.5000000,b_ion,"[""['G0']""]"
2,232.11843872070312,232.11725,2,3072001.5,-5.1000000,y_ion,"[""['A2', 'E3', 'J4', 'A5']""]"
3,263.1430358886719,263.1475,1,1040452.1875,16.960000,y_ion,"[""['A5', 'J4']""]"
4,278.1226806640625,278.1234,1,1971180.25,2.5900000,i_ion,"[""['M1']""]"
5,349.1598815917969,349.1605,1,4144314.75,1.7700000,i_ion,"[""['M1', 'A2']""]"
6,374.1777648925781,374.1796,1,684574.0625,4.9000000,i_ion,"[""['A2', 'E3', 'J4']""]"
7,392.1847839355469,392.1901,1,737555.3125,13.550000,y_ion,"[""['E3', 'J4', 'A5']""]"
8,740.333740234375,740.3433,1,483367.34375,12.910000,y_ion,"[""['M1', 'A2', 'E3', 'J4', 'A5']""]"
