,Observered Ion,Theoretical Ion,Charge,count,PPM Error,Ion Type,Structure
0,90.05530548095703,90.0549,1,7980.5673828125,-4.5000000,y_ion,"[""['A5']""]"
1,174.0969696044922,174.0999,1,20513.20703125,16.830000,i_ion,"[""['J4']""]"
2,201.08514404296875,201.0870,1,7619.25244140625,9.2300000,i_ion,"[""['A2', 'E3']""]"
3,204.0868377685547,204.0867,1,388270.28125,-0.7000000,b_ion,"[""['G0']""]"
4,232.1186065673828,232.11725,2,34171.2421875,-5.8000000,y_ion,"[""['A2', 'E3', 'J4', 'A5']""]"
5,263.14324951171875,263.1475,1,36768.68359375,16.150000,y_ion,"[""['A5', 'J4']""]"
6,278.1240234375,278.1234,1,30359.49609375,-2.2000000,i_ion,"[""['M1']""]"
7,349.1612854003906,349.1605,1,54169.26953125,-2.2000000,i_ion,"[""['M1', 'A2']""]"
8,392.18829345703125,392.1901,1,13678.2607421875,4.6100000,y_ion,"[""['E3', 'J4', 'A5']""]"
