,Observered Ion,Theoretical Ion,Charge,count,PPM Error,Ion Type,Structure
0,204.08694458007812,204.0867,1,4828.16796875,-1.2000000,b_ion,"[""['G0']""]"
1,232.11669921875,232.11725,2,8366.8701171875,2.3700000,y_ion,"[""['A2', 'E3', 'J4', 'A5']""]"
2,263.14306640625,263.1475,1,15231.5361328125,16.850000,y_ion,"[""['A5', 'J4']""]"
3,278.1221008300781,278.1234,1,19173.248046875,4.6700000,i_ion,"[""['M1']""]"
4,349.1606140136719,349.1605,1,53264.890625,-0.3000000,i_ion,"[""['M1', 'A2']""]"
5,374.1770324707031,374.1796,1,3133.352294921875,6.8600000,i_ion,"[""['A2', 'E3', 'J4']""]"
6,392.1852722167969,392.1901,1,18710.857421875,12.310000,y_ion,"[""['E3', 'J4', 'A5']""]"
7,463.2245178222656,463.2272,1,5331.962890625,5.7900000,y_ion,"[""['A2', 'E3', 'J4', 'A5']""]"
8,740.3401489257812,740.3433,1,29444.07421875,4.2600000,y_ion,"[""['M1', 'A2', 'E3', 'J4', 'A5']""]"
