,Observered Ion,Theoretical Ion,Charge,count,PPM Error,Ion Type,Structure
0,90.05567932128906,90.0549,1,366901.4375,-8.7000000,y_ion,"[""['A5']""]"
1,204.0868682861328,204.0867,1,14473826.0,-0.8000000,b_ion,"[""['G0']""]"
2,232.1182403564453,232.11725,2,1398615.375,-4.3000000,y_ion,"[""['A2', 'E3', 'J4', 'A5']""]"
3,263.14306640625,263.1475,1,1395278.875,16.850000,y_ion,"[""['A5', 'J4']""]"
4,278.1227722167969,278.1234,1,822107.5,2.2600000,i_ion,"[""['M1']""]"
5,349.16033935546875,349.1605,1,1497102.0,0.46000000,i_ion,"[""['M1', 'A2']""]"
6,374.1749267578125,374.1796,1,515366.59375,12.490000,i_ion,"[""['A2', 'E3', 'J4']""]"
7,463.2223815917969,463.2272,1,510512.59375,10.400000,y_ion,"[""['A2', 'E3', 'J4', 'A5']""]"
8,740.3350219726562,740.3433,1,445526.59375,11.180000,y_ion,"[""['M1', 'A2', 'E3', 'J4', 'A5']""]"
