,Observered Ion,Theoretical Ion,Charge,count,PPM Error,Ion Type,Structure
0,173.0922393798828,173.0921,1,1168595.0,-0.8000000,i_ion,"[""['J4']""]"
1,204.0868682861328,204.0867,1,2070252.75,-0.8000000,b_ion,"[""['G0']""]"
2,232.1186065673828,232.1173,2,206359.65625,-5.6000000,y_ion,"[""['A2', 'E3', 'J4', 'A5']""]"
3,278.1234436035156,278.1234,1,127197.8671875,-0.2000000,i_ion,"[""['M1']""]"
4,302.1337890625,302.1347,1,791538.1875,3.0200000,i_ion,"[""['E3', 'J4']""]"
5,349.1609802246094,349.1605,1,241742.53125,-1.4000000,i_ion,"[""['M1', 'A2']""]"
6,373.1733703613281,373.1718,1,226327.34375,-4.2000000,i_ion,"[""['A2', 'E3', 'J4']""]"
