,Observered Ion,Theoretical Ion,Charge,count,PPM Error,Ion Type,Structure
0,173.09205627441406,173.0921,1,371246.0,0.25000000,i_ion,"[""['J4']""]"
1,204.08677673339844,204.0867,1,686094.25,-0.4000000,b_ion,"[""['G0']""]"
2,263.1432189941406,263.1476,1,36115.58203125,16.650000,y_ion,"[""['A5', 'J4']""]"
3,278.12469482421875,278.1234,1,39905.80078125,-4.7000000,i_ion,"[""['M1']""]"
4,302.1345520019531,302.1347,1,251505.859375,0.49000000,i_ion,"[""['E3', 'J4']""]"
5,349.1591796875,349.1605,1,77556.203125,3.7800000,i_ion,"[""['M1', 'A2']""]"
6,373.1709899902344,373.1718,1,34659.5546875,2.1700000,i_ion,"[""['A2', 'E3', 'J4']""]"
7,392.1860656738281,392.1902,1,19307.18359375,10.540000,y_ion,"[""['E3', 'J4', 'A5']""]"
