,Observered Ion,Theoretical Ion,Charge,count,PPM Error,Ion Type,Structure
0,173.09207153320312,173.0921,1,1833043.0,0.16000000,i_ion,"[""['J4']""]"
1,204.08682250976562,204.0867,1,3910505.75,-0.6000000,b_ion,"[""['G0']""]"
2,232.1177520751953,232.1173,2,210193.78125,-1.9000000,y_ion,"[""['A2', 'E3', 'J4', 'A5']""]"
3,263.1435852050781,263.1476,1,483842.78125,15.260000,y_ion,"[""['A5', 'J4']""]"
4,278.12469482421875,278.1234,1,206729.609375,-4.7000000,i_ion,"[""['M1']""]"
5,302.1342468261719,302.1347,1,1293654.625,1.5000000,i_ion,"[""['E3', 'J4']""]"
6,349.1617736816406,349.1605,1,485358.09375,-3.6000000,i_ion,"[""['M1', 'A2']""]"
7,373.1716613769531,373.1718,1,392679.78125,0.37000000,i_ion,"[""['A2', 'E3', 'J4']""]"
