,Observered Ion,Theoretical Ion,Charge,count,PPM Error,Ion Type,Structure
0,173.0922393798828,173.0921,1,2123253.0,-0.8000000,i_ion,"[""['J4']""]"
1,204.0867156982422,204.0867,1,3900288.25,-0.1000000,b_ion,"[""['G0']""]"
2,232.11825561523438,232.1173,2,320901.9375,-4.1000000,y_ion,"[""['A2', 'E3', 'J4', 'A5']""]"
3,278.1228332519531,278.1234,1,305029.375,2.0400000,i_ion,"[""['M1']""]"
4,302.1347961425781,302.1347,1,1406496.875,-0.3000000,i_ion,"[""['E3', 'J4']""]"
5,349.1595153808594,349.1605,1,467564.15625,2.8200000,i_ion,"[""['M1', 'A2']""]"
6,373.1712951660156,373.1718,1,400198.09375,1.3500000,i_ion,"[""['A2', 'E3', 'J4']""]"
7,392.184326171875,392.1902,1,280852.6875,14.980000,y_ion,"[""['E3', 'J4', 'A5']""]"
