,Observered Ion,Theoretical Ion,Charge,count,PPM Error,Ion Type,Structure
0,173.0919952392578,173.0921,1,3478985.25,0.61000000,i_ion,"[""['J4']""]"
1,204.0867156982422,204.0867,1,6521073.0,-0.1000000,b_ion,"[""['G0']""]"
2,232.11805725097656,232.1173,2,303378.40625,-3.3000000,y_ion,"[""['A2', 'E3', 'J4', 'A5']""]"
3,263.14385986328125,263.1476,1,183015.171875,14.210000,y_ion,"[""['A5', 'J4']""]"
4,278.1246643066406,278.1234,1,539184.875,-4.5000000,i_ion,"[""['M1']""]"
5,302.13470458984375,302.1347,1,2302713.75,0E-7,i_ion,"[""['E3', 'J4']""]"
6,349.1605529785156,349.1605,1,587615.6875,-0.2000000,i_ion,"[""['M1', 'A2']""]"
7,373.1712646484375,373.1718,1,752175.8125,1.4300000,i_ion,"[""['A2', 'E3', 'J4']""]"
