,Observered Ion,Theoretical Ion,Charge,count,PPM Error,Ion Type,Structure
0,173.09230041503906,173.0921,1,4389819.0,-1.2000000,i_ion,"[""['J4']""]"
1,204.0868377685547,204.0867,1,8835565.0,-0.7000000,b_ion,"[""['G0']""]"
2,232.11915588378906,232.1173,2,616251.125,-8.0000000,y_ion,"[""['A2', 'E3', 'J4', 'A5']""]"
3,263.1432189941406,263.1476,1,1075233.375,16.650000,y_ion,"[""['A5', 'J4']""]"
4,278.1224365234375,278.1234,1,409478.8125,3.4600000,i_ion,"[""['M1']""]"
5,302.1344299316406,302.1347,1,2633571.75,0.89000000,i_ion,"[""['E3', 'J4']""]"
6,349.1562805175781,349.1605,1,1382798.125,12.080000,i_ion,"[""['M1', 'A2']""]"
7,373.17138671875,373.1718,1,964394.5625,1.1100000,i_ion,"[""['A2', 'E3', 'J4']""]"
8,392.18359375,392.1902,1,433772.5,16.840000,y_ion,"[""['E3', 'J4', 'A5']""]"
