,Observered Ion,Theoretical Ion,Charge,count,PPM Error,Ion Type,Structure
0,173.09214782714844,173.0921,1,6590601.0,-0.3000000,i_ion,"[""['J4']""]"
1,204.0868682861328,204.0867,1,12142700.0,-0.8000000,b_ion,"[""['G0']""]"
2,232.11868286132812,232.1173,2,577605.0,-6.0000000,y_ion,"[""['A2', 'E3', 'J4', 'A5']""]"
3,278.12322998046875,278.1234,1,1043189.875,0.61000000,i_ion,"[""['M1']""]"
4,302.135009765625,302.1347,1,4937825.5,-1.0000000,i_ion,"[""['E3', 'J4']""]"
5,349.1605224609375,349.1605,1,1785516.875,-0.1000000,i_ion,"[""['M1', 'A2']""]"
6,373.1729736328125,373.1718,1,1854550.375,-3.1000000,i_ion,"[""['A2', 'E3', 'J4']""]"
7,392.185302734375,392.1902,1,314304.125,12.490000,y_ion,"[""['E3', 'J4', 'A5']""]"
8,740.3458862304688,740.3434,1,313926.78125,-3.4000000,y_ion,"[""['M1', 'A2', 'E3', 'J4', 'A5']""]"
