,Observered Ion,Theoretical Ion,Charge,count,PPM Error,Ion Type,Structure
0,173.0923309326172,173.0921,1,2806645.75,-1.3000000,i_ion,"[""['J4']""]"
1,204.08682250976562,204.0867,1,5106663.5,-0.6000000,b_ion,"[""['G0']""]"
2,232.1179656982422,232.1173,2,402498.34375,-2.9000000,y_ion,"[""['A2', 'E3', 'J4', 'A5']""]"
3,278.1241149902344,278.1234,1,253300.25,-2.6000000,i_ion,"[""['M1']""]"
4,302.13507080078125,302.1347,1,2004276.375,-1.2000000,i_ion,"[""['E3', 'J4']""]"
5,349.1607360839844,349.1605,1,836419.5625,-0.7000000,i_ion,"[""['M1', 'A2']""]"
6,373.1744384765625,373.1718,1,775086.0625,-7.1000000,i_ion,"[""['A2', 'E3', 'J4']""]"
7,392.1858825683594,392.1902,1,143870.203125,11.010000,y_ion,"[""['E3', 'J4', 'A5']""]"
8,740.3360595703125,740.3434,1,165643.453125,9.9100000,y_ion,"[""['M1', 'A2', 'E3', 'J4', 'A5']""]"
